sample_id,true_class,predicted_probability,predicted_class
0,1,0.95580524,1
1,0,0.032424457,0
2,0,0.9094366,1
3,0,0.033055343,0
4,1,0.95588744,1
5,1,0.03299942,0
6,0,0.033326425,0
7,1,0.9558334,1
8,0,0.035466123,0
9,0,0.032148406,0
10,0,0.032661058,0
11,0,0.043935563,0
12,1,0.9557928,1
13,1,0.9540143,1
14,0,0.032391544,0
15,0,0.032393776,0
16,0,0.05000364,0
17,0,0.032695267,0
18,0,0.03323407,0
19,0,0.033911724,0
20,1,0.9557953,1
21,0,0.032264285,0
22,0,0.03219373,0
23,0,0.032524325,0
24,0,0.032302935,0
25,0,0.23268262,0
26,0,0.033180855,0
27,0,0.03232047,0
28,1,0.95587474,1
29,0,0.033501793,0
30,0,0.03224342,0
31,0,0.0328307,0
32,0,0.0329115,0
33,1,0.9559028,1
34,0,0.032456644,0
35,0,0.033518765,0
36,0,0.032190744,0
37,0,0.034758374,0
38,1,0.95592225,1
39,0,0.032297198,0
40,1,0.9558812,1
41,1,0.9297231,1
42,0,0.032835376,0
43,1,0.9557955,1
44,0,0.03630857,0
45,0,0.033383317,0
46,0,0.0321621,0
47,0,0.032053776,0
48,0,0.03347777,0
49,0,0.03374469,0
50,1,0.954981,1
51,0,0.032172117,0
52,0,0.034050234,0
53,0,0.03251747,0
54,0,0.032701015,0
55,0,0.03226711,0
56,0,0.032128647,0
57,0,0.03256513,0
58,0,0.032378793,0
59,1,0.9558401,1
60,0,0.033708204,0
61,0,0.036797624,0
62,0,0.032408588,0
63,1,0.94428277,1
64,0,0.032087278,0
65,0,0.34268397,0
66,0,0.03279326,0
67,0,0.03735319,0
68,0,0.040754735,0
69,0,0.032234706,0
70,0,0.033162687,0
71,1,0.9532371,1
72,0,0.034038674,0
73,0,0.8324994,1
74,0,0.03280266,0
75,0,0.03222011,0
76,0,0.0326248,0
77,0,0.032423913,0
78,0,0.034339204,0
79,0,0.032267053,0
80,0,0.033578683,0
81,1,0.03345398,0
82,0,0.03299267,0
83,0,0.032372657,0
84,0,0.03305433,0
85,1,0.9557157,1
86,0,0.03244356,0
87,0,0.03241674,0
88,0,0.032349914,0
89,0,0.032566067,0
90,0,0.032232277,0
91,1,0.95055556,1
92,0,0.033676457,0
93,1,0.955284,1
94,1,0.95587724,1
95,1,0.9559084,1
96,0,0.03332989,0
97,0,0.03215573,0
98,0,0.032888886,0
99,1,0.033053577,0
100,0,0.03296343,0
101,1,0.95062834,1
102,0,0.115251474,0
103,1,0.9558545,1
104,1,0.03396979,0
105,0,0.033451825,0
106,0,0.03224409,0
107,0,0.032825645,0
108,0,0.032293033,0
109,0,0.03523048,0
110,1,0.9558596,1
111,1,0.95588154,1
112,0,0.032545708,0
113,1,0.20935471,0
114,0,0.032617074,0
115,0,0.03292791,0
116,0,0.03211898,0
117,0,0.038871035,0
118,0,0.03296596,0
119,1,0.9558515,1
120,0,0.03316871,0
121,0,0.034085564,0
122,1,0.95590186,1
123,1,0.9559096,1
124,0,0.03433852,0
125,0,0.03243732,0
126,0,0.032225523,0
127,0,0.032683533,0
128,0,0.03901073,0
129,1,0.9558478,1
130,0,0.033841643,0
131,0,0.03218064,0
132,0,0.032420713,0
133,0,0.033373572,0
134,0,0.048064068,0
135,0,0.032693457,0
136,0,0.033630557,0
137,0,0.032259166,0
138,1,0.9553536,1
139,0,0.05914542,0
140,0,0.03299293,0
141,0,0.032998543,0
142,1,0.0325136,0
143,0,0.03906274,0
144,0,0.03268268,0
145,0,0.03210883,0
146,0,0.031996105,0
147,1,0.95587605,1
148,1,0.9552792,1
149,0,0.032603543,0
150,0,0.033424955,0
151,0,0.033027478,0
152,0,0.032749627,0
153,0,0.04073583,0
154,0,0.03889852,0
155,0,0.034347598,0
156,0,0.03253244,0
157,0,0.0327159,0
158,0,0.032833017,0
159,0,0.03334506,0
160,0,0.033055585,0
161,0,0.032567076,0
162,0,0.032200772,0
163,0,0.034173913,0
164,0,0.11152091,0
165,0,0.032208055,0
166,0,0.035364885,0
167,0,0.032590676,0
168,0,0.033373006,0
169,0,0.033529695,0
170,0,0.03272421,0
171,1,0.95568997,1
172,0,0.039480567,0
173,0,0.032379784,0
174,1,0.9549783,1
175,0,0.037625752,0
176,1,0.9559053,1
177,0,0.03273551,0
178,0,0.032552708,0
179,0,0.03473874,0
180,1,0.9549294,1
181,0,0.03300975,0
182,1,0.9558332,1
183,1,0.9557715,1
184,0,0.03229614,0
185,0,0.033275828,0
186,0,0.032567743,0
187,0,0.033987034,0
188,0,0.032959413,0
189,0,0.036318433,0
190,0,0.039500862,0
191,0,0.032322567,0
192,1,0.9558338,1
193,0,0.032291986,0
194,1,0.032770466,0
195,0,0.03355068,0
196,0,0.03215772,0
197,0,0.036560223,0
198,0,0.032741625,0
199,1,0.95587724,1
200,1,0.95582575,1
201,0,0.04408413,0
202,0,0.039642934,0
203,1,0.95583194,1
204,0,0.033641145,0
205,0,0.03244256,0
206,0,0.033076532,0
207,0,0.032788485,0
208,0,0.033537645,0
209,1,0.95585555,1
210,0,0.03227001,0
211,1,0.9558574,1
212,0,0.03233597,0
213,1,0.033923566,0
214,1,0.95586723,1
215,0,0.032845203,0
216,0,0.032128505,0
217,0,0.03208909,0
218,0,0.032392405,0
219,1,0.9556255,1
220,0,0.0325699,0
221,0,0.032530792,0
222,1,0.95583993,1
223,0,0.03218301,0
224,0,0.0322151,0
225,1,0.9558334,1
226,0,0.035964288,0
227,1,0.8612971,1
228,0,0.032365803,0
229,0,0.032193355,0
230,0,0.20992383,0
231,0,0.032162752,0
232,0,0.033044647,0
233,1,0.9558335,1
234,0,0.032377195,0
235,0,0.03255002,0
236,0,0.03396398,0
237,1,0.9523557,1
238,0,0.033205815,0
239,0,0.04980148,0
240,0,0.03643826,0
241,0,0.0342016,0
242,0,0.035375327,0
243,0,0.03236332,0
244,0,0.033988513,0
245,0,0.03330116,0
246,0,0.03247341,0
247,0,0.033122007,0
248,0,0.032597497,0
249,0,0.03258621,0
250,0,0.032358788,0
251,1,0.95583993,1
252,1,0.95581996,1
253,0,0.03249489,0
254,0,0.032228597,0
255,1,0.9549794,1
256,0,0.033414405,0
257,0,0.032940637,0
258,0,0.033897907,0
259,1,0.95573044,1
260,0,0.032477103,0
261,0,0.051263444,0
262,1,0.19492446,0
263,1,0.07773846,0
264,0,0.032769524,0
265,0,0.033084802,0
266,0,0.032194957,0
267,0,0.032853868,0
268,0,0.032757476,0
269,0,0.03280531,0
270,1,0.9542687,1
271,0,0.032152515,0
272,0,0.03213706,0
273,0,0.032523964,0
274,0,0.034256108,0
275,0,0.035062928,0
276,0,0.20781028,0
277,0,0.032321572,0
278,0,0.032731712,0
279,0,0.03530328,0
280,0,0.032674447,0
281,1,0.9559002,1
282,0,0.03381025,0
283,0,0.032359645,0
284,0,0.032404017,0
285,0,0.033275187,0
286,0,0.03208951,0
287,0,0.041464094,0
288,0,0.032266986,0
289,0,0.032068573,0
290,1,0.9312238,1
291,1,0.95587784,1
292,1,0.95579267,1
293,1,0.95570785,1
294,0,0.032210305,0
295,1,0.95588535,1
296,1,0.03604314,0
297,1,0.95584214,1
298,0,0.032102752,0
299,1,0.9556964,1
300,0,0.036675867,0
301,1,0.9558939,1
302,0,0.032487568,0
303,0,0.03357525,0
304,1,0.955719,1
305,0,0.03252929,0
306,1,0.9558869,1
307,0,0.037583295,0
308,0,0.035246633,0
309,0,0.032913025,0
310,1,0.033619236,0
311,1,0.9559096,1
312,0,0.032236263,0
313,1,0.95332646,1
314,0,0.035216138,0
315,0,0.033070743,0
316,1,0.9558479,1
317,0,0.03229963,0
318,0,0.03321321,0
319,1,0.034395285,0
320,0,0.03223944,0
321,0,0.040177926,0
322,0,0.034477167,0
323,0,0.034464784,0
324,1,0.9558943,1
325,0,0.033252757,0
326,0,0.032842446,0
327,1,0.95586777,1
328,1,0.9558907,1
329,1,0.04347897,0
330,0,0.032790314,0
331,0,0.0323377,0
332,0,0.032257587,0
333,0,0.03242075,0
334,0,0.032137446,0
335,0,0.0325011,0
336,0,0.032665323,0
337,0,0.03226549,0
338,0,0.28315562,0
339,0,0.032367237,0
340,0,0.16173065,0
341,0,0.032311358,0
342,0,0.03260099,0
343,0,0.18290664,0
344,0,0.033027366,0
345,0,0.03410828,0
346,0,0.03264543,0
347,0,0.032443114,0
348,1,0.95564306,1
349,0,0.032051705,0
350,0,0.03324625,0
351,0,0.032213926,0
352,0,0.03229236,0
353,0,0.03310757,0
354,0,0.035787266,0
355,0,0.033957757,0
356,0,0.03243088,0
357,0,0.03321361,0
358,1,0.45213726,1
359,1,0.9558088,1
360,0,0.032584243,0
361,0,0.033097148,0
362,0,0.032141414,0
363,0,0.032139856,0
364,0,0.033653505,0
365,0,0.03297352,0
366,0,0.032282308,0
367,0,0.034721125,0
368,0,0.033995222,0
369,0,0.032626208,0
370,1,0.9558575,1
371,1,0.9559316,1
372,0,0.03240436,0
373,1,0.03293839,0
374,0,0.032363363,0
375,1,0.9558433,1
376,0,0.03227077,0
377,0,0.032153636,0
378,0,0.032538157,0
379,0,0.032747846,0
380,0,0.0337221,0
381,0,0.9159502,1
382,1,0.95560366,1
383,0,0.03390911,0
384,0,0.038269714,0
385,0,0.03250896,0
386,0,0.032129087,0
387,1,0.9507991,1
388,0,0.03242772,0
389,0,0.03323025,0
390,1,0.95587826,1
391,0,0.032410912,0
392,1,0.95572615,1
393,0,0.032597486,0
